<?xml version="1.0" encoding="UTF-8"?>
<beans xmlns="http://www.springframework.org/schema/beans"
       xmlns:xsi="http://www.w3.org/2001/XMLSchema-instance"
       xmlns:aop="http://www.springframework.org/schema/aop"
       xsi:schemaLocation="http://www.springframework.org/schema/beans
        http://www.springframework.org/schema/beans/spring-beans.xsd
        http://www.springframework.org/schema/aop
        http://www.springframework.org/schema/aop/spring-aop.xsd">
    <!--spring中基于xml的AOP配置步骤
    1、把通知Bean也交给spring来管理
    2、使用aop：config标签表明开始AOP的配置
    3、使用aop：config标签表明配置切面
            id属性,是给切面提供一个位置标识
            ref属性，是指定通知类bean的id。
     4、在aop：aspect标签的内部使用对应标签来配置通知的类型，我们现在实例是让printLog方法在切入点方法执行之前；所以是前置通知
          aop：before：表示配置前置通知
          method属性：用于指定Logger类中那个方法是前置通知
          pointcut属性L:用于指定切入点表达式，该表达式的含义指的是对业务层中那些方法增强
      切入点表达式的写法：
            关键字：execution（表达式）
            表达式：访问修饰符   返回值     包名.包名.包名.包名...方法名（参数列表）
            标准的表达式写法：
                    public void com.itheima.service.impl.AccountServiceImpl.saveAccount()

            参数列表：
                    可以直接写数据类型：
                                基本类型直接写名称：int
                                引用类型写包名.类名的方式   java.lang.String
                    可以使用通配符表示任意类型，但是必须有参数
                    可以使用..表示有无参数均可，有参数可以是任意参数类型
            全通配写法(修饰符可以省略)：
                * *..*.*(..） 不建议使用
            实际开发中切入点表达式的通常写法：
                    切到业务层实现类下的所有方法：
                        *  com.itheima.service.impl.*.*(..)


    -->
    <!--配置spring的IOC，把 service对象配置进来-->
<bean id="accountService" class="com.itheima.service.impl.AccountServiceImpl"></bean>
<bean id="logger" class="com.itheima.utils.Logger"></bean>
<aop:config>
    <aop:aspect id="logAdvice" ref="logger">
        <!--配置通知的类型，并且通知方法和切入点方法的关联-->
        <aop:before method="printLog" pointcut="execution(public void com.itheima.service.impl.AccountServiceImpl.saveAccount())"></aop:before>
    </aop:aspect>

</aop:config>

</beans>